{
  "micro": {
    "precision": 0.8333333333333334,
    "recall": 0.1634349030470914,
    "f1": 0.27327466419638724
  }
}